UIN,Team,Score
133002867,tankner,-8.787672251911316
12345,Nice guy,-12.286313500077675
11552244,Tit For Tat,-10.098228649219122
54321,Tough guy,-8.39608531937365
